,Strategic,Tactical,Operational,DMQ
Strategic,1.0,0.9585123692202074,0.830346005263762,0.8519858338563665
Tactical,0.9585123692202074,1.0,0.9025329169394369,0.8869468792936962
Operational,0.8303460052637622,0.9025329169394369,1.0,0.8838323605141827
DMQ,0.8519858338563664,0.8869468792936961,0.8838323605141823,1.0
