factor,k_items,AVE,CR,sqrt_AVE,min_loading,max_loading
DMQ,4,0.5784980074917544,0.8454374527666716,0.7605905649505221,0.6865034900533639,0.7999877074488315
Operational,3,0.547786447401532,0.7841070338007596,0.7401259672525563,0.7203221346642039,0.7634551861036162
Strategic,3,0.5795941104358885,0.804530879809202,0.7613107843948412,0.7061440632724904,0.8317857356460469
Tactical,3,0.5295229053444322,0.7713175217750633,0.727683245199745,0.6969573971342187,0.7552612922907533
