,Strategic,Tactical,Operational,DMQ
Strategic,0.7613107843948412,0.9575540690005487,0.8129957911510132,0.8447185682792894
Tactical,0.9575540690005487,0.727683245199745,0.8966184040310212,0.8804681484357375
Operational,0.8129957911510132,0.8966184040310212,0.7401259672525563,0.8938898780167339
DMQ,0.8447185682792894,0.8804681484357375,0.8938898780167339,0.7605905649505221
